,shock,investment,durable_stock,y_list
0,0.75,0.09034398198127747,3.0,1.0777332391386387
1,0.75,0.09154300391674042,2.9773666858673096,1.0750432347996637
2,0.75,0.09307736158370972,2.9566845893859863,1.0725731294485288
3,0.75,0.09484951198101044,2.9382495880126953,1.0703616222191137
4,0.75,0.09669622778892517,2.9222428798675537,1.0684338661644572
5,0.75,0.0984557569026947,2.9086666107177734,1.066793265596476
6,0.75,0.1000223159790039,2.8973519802093506,1.065422044642212
7,0.75,0.10135604441165924,2.888023853302002,1.0642888675141542
8,0.75,0.10246211290359497,2.8803749084472656,1.0633578455249402
9,0.75,0.10336720943450928,2.8741137981414795,1.062594515695437
10,1.25,0.10410378873348236,2.8689866065979004,1.7699476643339427
11,1.25,0.2726733647286892,2.9384853839874268,1.7839832791375012
12,1.25,0.27120231091976166,3.3073906898498535,1.8549842556778062
13,1.25,0.2705526240170002,3.678171157836914,1.921182187729629
14,1.25,0.29208164662122726,4.050825119018555,1.983350025664766
15,1.25,0.2936430461704731,4.468092441558838,2.048567707396393
16,1.25,0.2506062095053494,4.890916347503662,2.1106138831898034
17,1.25,0.22151882573962212,5.224212646484375,2.157033511111248
18,1.25,0.2190697267651558,5.493067741394043,2.1930520941397265
19,1.25,0.2200165130198002,5.753776550292969,2.226868132383416
20,1.25,0.222957581281662,6.013573169708252,2.259559442586569
21,1.25,0.22850134037435055,6.276816368103027,2.2917330224014334
22,1.25,0.2348222266882658,6.549407958984375,2.3241100424698375
23,1.25,0.2370404414832592,6.833184242248535,2.3568700962057907
24,1.25,0.23327442817389965,7.1185302734375,2.388904695086496
25,1.25,0.22644745372235775,7.391059398651123,2.4187067774368423
26,1.25,0.22008999437093735,7.643126964569092,2.445622759738337
27,1.25,0.21575171872973442,7.875658988952637,2.469930261149536
28,1.25,0.21315132081508636,8.093523979187012,2.4922720099939157
29,1.25,0.21158038079738617,8.301013946533203,2.513178237609481
30,1.25,0.2105165794491768,8.500712394714355,2.532971303214457
31,1.25,0.2096511758863926,8.693916320800781,2.551826325298972
32,1.25,0.20881037786602974,8.881153106689453,2.5698329949381242
33,1.25,0.2078978829085827,9.062514305114746,2.587033697635665
34,1.25,0.20686480030417442,9.237852096557617,2.6034452234686096
35,1.25,0.20569542422890663,9.406899452209473,2.6190715238077007
36,1.25,0.20439932867884636,9.569354057312012,2.633912107939223
37,1.25,0.20300479233264923,9.724949836730957,2.647968686455018
38,1.25,0.2015513963997364,9.873501777648926,2.6612490038216032
39,1.25,0.20008233934640884,10.01494026184082,2.673769548649372
40,1.25,0.1986377313733101,10.149316787719727,2.685555671532172
41,1.25,0.1972501017153263,10.276796340942383,2.6966406102437706
42,1.25,0.19594254717230797,10.397637367248535,2.7070635612125074
43,1.25,0.19472886621952057,10.512161254882812,2.7168669936925522
44,1.25,0.1936151087284088,10.6207275390625,2.7260945928328044
45,1.25,0.19260145723819733,10.723711967468262,2.7347895352945377
46,1.25,0.1916840672492981,10.821488380432129,2.742993144408101
47,1.25,0.1908567249774933,10.914417266845703,2.7507441344221424
48,1.25,0.19011197984218597,11.002838134765625,2.7580781766932945
49,1.25,0.18944194167852402,11.087068557739258,2.7650280087272883
50,1.25,0.18883885815739632,11.167398452758789,2.7716231299456666
51,1.25,0.18829535692930222,11.24409294128418,2.77789018840786
52,0.75,0.18780465424060822,11.31739330291748,1.6703119118096748
53,0.75,0.0,11.178389549255371,1.6635138176401827
54,0.75,0.0,10.731253623962402,1.6412544435655376
55,0.75,0.0,10.302003860473633,1.6192929576622765
56,0.75,0.0,9.889924049377441,1.5976253353110197
57,0.75,0.0,9.494327545166016,1.576247652607275
58,0.75,0.0,9.114554405212402,1.5551559958853158
59,0.75,0.0,8.749972343444824,1.5343465738498356
60,0.75,0.0,8.39997386932373,1.5138156195017831
61,0.75,0.0,8.06397533416748,1.4935593890444685
62,0.75,0.0,7.7414164543151855,1.4735741884651814
63,0.75,0.0,7.431759834289551,1.4538564024693057
64,0.75,0.007908716797828674,7.1344895362854,1.4344024625906457
65,0.75,0.016683325171470642,6.860454082489014,1.415981919134303
66,0.75,0.023354709148406982,6.609659194946289,1.3986864111475892
67,0.75,0.027370154857635498,6.377938747406006,1.3823110410930677
68,0.75,0.029388174414634705,6.160655498504639,1.3665897162325766
69,1.25,0.02968299388885498,5.954391002655029,2.2521968069915586
70,1.25,0.22023619711399078,5.783067226409912,2.2306027459520377
71,1.25,0.2234507706016302,6.043004035949707,2.263202763916224
72,1.25,0.2292536459863186,6.306998252868652,2.295363691121649
73,1.25,0.23536447063088417,6.580938816070557,2.3277964661042008
74,1.25,0.2368894349783659,6.86558198928833,2.360551833007004
75,1.25,0.23258265666663647,7.150148391723633,2.392401032599802
76,1.25,0.22565587237477303,7.4205732345581055,2.4218897732364715
77,1.25,0.21949421986937523,7.670263767242432,2.4484847962318765
78,1.25,0.215384803712368,7.900881290435791,2.4725378017735173
79,1.25,0.2129344530403614,8.117393493652344,2.4946951958312362
80,0.75,0.2114422656595707,8.323904037475586,1.50927783727179
81,0.75,0.0,8.310072898864746,1.5084497885208226
82,0.75,0.0,7.977670192718506,1.488265345124662
83,0.75,0.0,7.658563613891602,1.4683509898544913
84,0.75,0.0012851059436798096,7.3522210121154785,1.4487030889139019
85,0.75,0.010314777493476868,7.059993743896484,1.429442491428996
86,0.75,0.018701285123825073,6.7923383712768555,1.4113269563336037
87,0.75,0.024650007486343384,6.547038555145264,1.3942995265071931
88,0.75,0.028064891695976257,6.319526672363281,1.3781204119119572
89,0.75,0.02965383231639862,6.105422496795654,1.3625343250270359
90,0.75,0.029317468404769897,5.901609897613525,1.3473534166635202
91,0.75,0.024238884449005127,5.705046653747559,1.3323759948086575
92,0.75,0.01333475112915039,5.5091400146484375,1.3171005185096258
93,0.75,0.010114282369613647,5.306337833404541,1.3008989980004102
94,1.25,0.023862257599830627,5.107242107391357,2.1409747242852672
95,1.25,0.2411511354148388,4.954041004180908,2.119564709639406
96,1.25,0.2206079512834549,5.267014980316162,2.162849575692819
97,1.25,0.21909280493855476,5.53347635269165,2.1983628294042896
98,1.25,0.22032278031110764,5.793782711029053,2.231965822877551
99,1.25,0.2236402966082096,6.053784370422363,2.2645343136542055
100,1.25,0.22953135892748833,6.3180742263793945,2.2966931328955296
101,1.25,0.23554733395576477,6.592514514923096,2.3291468665586974
102,1.25,0.2368140909820795,6.877438068389893,2.361896269021049
103,1.25,0.232320973649621,7.161670684814453,2.393672594420444
104,1.25,0.22536912932991982,7.431303977966309,2.4230449551960924
105,1.25,0.2192832175642252,7.680131435394287,2.44952382725151
106,1.25,0.21525591984391212,7.910065650939941,2.473485917213671
107,1.25,0.21285811066627502,8.12609577178955,2.4955774462736477
108,0.75,0.21139317750930786,8.332256317138672,1.5097774289202772
109,0.75,0.0,8.318122863769531,1.5089318396117528
110,0.75,0.0,7.985397815704346,1.4887409247946215
111,0.75,0.0,7.665981769561768,1.4688201829044027
112,0.75,0.0010828077793121338,7.359342575073242,1.4491660124043684
113,1.25,0.01010221242904663,7.066537857055664,2.383132671666237
114,1.25,0.23710106499493122,6.8079514503479,2.3539944875734196
115,1.25,0.23378681391477585,7.093768119812012,2.3861592193051644
116,1.25,0.22707044892013073,7.367869853973389,2.4161998617886375
117,1.25,0.22057363390922546,7.621802806854248,2.443368984667308
118,1.25,0.21605314314365387,7.8558735847473145,2.467880881060326
119,1.25,0.21332920342683792,8.07483196258545,2.4903710884659276
120,1.25,0.21169229596853256,8.28310775756836,2.5113879477627914
121,1.25,0.21059882268309593,8.48342514038086,2.5312702769799604
122,1.25,0.20972441881895065,8.677170753479004,2.5502032827597247
123,1.25,0.20888618007302284,8.864923477172852,2.5682823079299997
124,1.25,0.20798249542713165,9.046805381774902,2.585553000962931
125,1.25,0.20696106925606728,9.22268295288086,2.602033688963198
126,1.25,0.20580362156033516,9.392294883728027,2.6177289766815086
127,1.25,0.20451776683330536,9.555340766906738,2.632638646228692
128,1.25,0.20313039049506187,9.711548805236816,2.646763988329301
129,1.25,0.20168043673038483,9.860725402832031,2.6601120986414855
130,1.25,0.2002110742032528,10.002788543701172,2.672698513187659
131,1.25,0.19876287505030632,10.137781143188477,2.6845480009248135
132,1.25,0.19736916199326515,10.26585865020752,2.6956931525889773
133,1.25,0.1960538849234581,10.3872709274292,2.7061726129906116
134,1.25,0.19483160972595215,10.502335548400879,2.7160287117184563
135,1.25,0.19370900839567184,10.611410140991211,2.7253051459350273
136,1.25,0.19268666580319405,10.714869499206543,2.7340451698176054
137,1.25,0.19176103174686432,10.813088417053223,2.7422903277864186
138,1.25,0.19092605262994766,10.906429290771484,2.750079616272176
139,1.25,0.1901743821799755,10.995233535766602,2.757448970936845
140,0.75,0.18949808925390244,11.07982063293457,1.6586588268506248
141,0.75,0.0,10.950940132141113,1.6522669922884616
142,0.75,0.0,10.51290225982666,1.6301581148251079
143,1.25,0.0,10.092386245727539,2.680575153851085
144,1.25,0.20334233343601227,9.688691139221191,2.6447066046648455
145,1.25,0.20189900323748589,9.838924407958984,2.658169856992003
146,1.25,0.20042982697486877,9.982048988342285,2.670868542380437
147,1.25,0.19897614791989326,10.118088722229004,2.6828260366550882
148,1.25,0.19757255166769028,10.247183799743652,2.694073913060098
149,1.25,0.19624443724751472,10.369571685791016,2.7046500660130652
150,1.25,0.19500768557190895,10.48556137084961,2.7145964045706132
151,1.25,0.19387005642056465,10.595505714416504,2.7239565179195524
152,1.25,0.19283289462327957,10.699779510498047,2.7327739324176488
153,1.25,0.19189317151904106,10.79875659942627,2.741090353823185
154,0.75,0.191045131534338,10.892803192138672,1.6493671865166406
155,0.75,0.0,10.772194862365723,1.6433181415191846
156,0.75,0.0,10.341306686401367,1.6213290019011355
157,0.75,0.0,9.927654266357422,1.5996341089753128
158,0.75,0.0,9.530548095703125,1.5782295219387552
159,0.75,0.0,9.14932632446289,1.5571113566857702
160,0.75,0.0,8.783352851867676,1.5362757392679807
161,0.75,0.0,8.432018280029297,1.5157189187887647
162,0.75,0.0,8.094738006591797,1.4954372226831518
163,0.75,0.0,7.77094841003418,1.4754268817822982
164,1.25,0.0,7.460110664367676,2.4261405247531362
165,1.25,0.23232015036046505,7.161706447601318,2.393676538947764
166,1.25,0.22536822967231274,7.431337356567383,2.4230485467125655
167,1.25,0.21928257308900356,7.680161952972412,2.449527039258211
168,1.25,0.2152555249631405,7.910094261169434,2.4734888695382975
169,1.25,0.21285787969827652,8.12612247467041,2.4955801524786683
170,1.25,0.21139303594827652,8.332281112670898,2.5162981859425355
171,1.25,0.21037570387125015,8.53091812133789,2.53593792321368
172,1.25,0.20952299237251282,8.723180770874023,2.5546577230205814
173,1.25,0.20867597684264183,8.909513473510742,2.5725381820636923
174,1.25,0.20774712041020393,9.089960098266602,2.589616570400646
175,1.25,0.20669333636760712,9.264347076416016,2.6059069406913116
176,1.25,0.20550324022769928,9.43239688873291,2.621412070899793
177,1.25,0.204189732670784,9.593810081481934,2.63613156629036
178,1.25,0.20278333872556686,9.74832820892334,2.6500676469355575
179,1.25,0.2013247273862362,9.895784378051758,2.6632294637664664
180,1.25,0.1998569816350937,10.036127090454102,2.675634845563195
181,1.25,0.1984192691743374,10.169425964355469,2.687310430783792
182,1.25,0.19704272970557213,10.295863151550293,2.698290624052725
183,1.25,0.1957489587366581,10.4157075881958,2.70861519244463
184,1.25,0.19455046951770782,10.529288291931152,2.718326935858129
185,1.25,0.19345228374004364,10.636968612670898,2.7274695620686744
186,1.25,0.1924537941813469,10.73912525177002,2.736086054345424
187,1.25,0.19155075028538704,10.836130142211914,2.744217332793531
188,0.75,0.19073665887117386,10.92834186553955,1.6511410442191998
189,0.75,0.0,10.806140899658203,1.6450252556632081
190,0.75,0.0,10.373895645141602,1.6230133127070356
191,0.75,0.0,9.958939552307129,1.6012958760862652
192,0.75,0.0,9.560582160949707,1.579869063466651
193,0.75,0.0,9.1781587600708,1.5587289446449717
194,0.75,0.0,8.81103229522705,1.537871700029501
195,0.75,0.0,8.45859146118164,1.5172935783679296
196,0.75,0.0,8.120247840881348,1.4969907862708804
197,0.75,0.0,7.795437812805176,1.4769596548742574
198,0.75,0.0,7.4836201667785645,1.4571965571580396
199,0.75,0.006328850984573364,7.184275150299072,1.4376979027309154
200,0.75,0.015272796154022217,6.906002998352051,1.419077437374979
201,0.75,0.022402137517929077,6.6514363288879395,1.401597641338139
202,0.75,0.02684156596660614,6.416777610778809,1.3850832248491685
203,0.75,0.029154911637306213,6.19728422164917,1.369265702762466
204,0.75,0.029793784022331238,5.98931360244751,1.3539283780066516
205,0.75,0.027350693941116333,5.790079593658447,1.3388969725429791
206,0.75,0.01816737651824951,5.595096111297607,1.3238468770404226
207,0.75,0.009743928909301758,5.39534330368042,1.3080596860981617
208,0.75,0.015415206551551819,5.192275047302246,1.2916037614105518
209,0.75,0.03954330086708069,5.0044941902160645,1.2759983884868198
210,0.75,0.06499610841274261,4.854771614074707,1.26327228634111
211,0.75,0.07745249569416046,4.7426886558532715,1.253572298384817
212,0.75,0.08285106718540192,4.650073528289795,1.2454405566819415
213,0.75,0.08532580733299255,4.567256450653076,1.2380766835197112
214,0.75,0.08652512729167938,4.490206241607666,1.2311448106108422
215,0.75,0.08713206648826599,4.417122840881348,1.2244957747236265
216,0.75,0.08745042979717255,4.34713077545166,1.2180585263260981
217,0.75,0.08762294054031372,4.2797651290893555,1.211796914134339
218,0.75,0.08771947026252747,4.214755535125732,1.2056913689467768
219,0.75,0.08777527511119843,4.151927947998047,1.1997305008626655
220,0.75,0.08780883252620697,4.09115743637085,1.1939070229849316
221,0.75,0.08782997727394104,4.032346725463867,1.1882159010391056
222,0.75,0.08784407377243042,3.9754137992858887,1.1826532671344108
223,0.75,0.08785426616668701,3.9202864170074463,1.1772159472606885
224,0.75,0.0878622829914093,3.86689829826355,1.1719011242616284
225,0.75,0.08786919713020325,3.81518816947937,1.1667062680489284
226,1.25,0.08787566423416138,3.7650980949401855,1.9360483125609145
227,1.25,0.2746913395822048,3.784625768661499,1.939356204294508
228,1.25,0.29508688673377037,4.1659650802612305,2.001779186494293
229,1.25,0.2888326235115528,4.590025424957275,2.066850161349224
230,1.25,0.23503685556352139,5.0033979415893555,2.1265102384452184
231,1.25,0.2200613971799612,5.303070068359375,2.167724287776583
232,1.25,0.21915270015597343,5.56797981262207,2.202876947474628
233,1.25,0.22062284126877785,5.828027248382568,2.236310651299789
234,1.25,0.2242785431444645,6.088287353515625,2.2687853535161557
235,1.25,0.23042229376733303,6.353595733642578,2.3009462504887406
236,1.25,0.2360710147768259,6.629641056060791,2.3334672934735834
237,1.25,0.23650350235402584,6.915319442749023,2.366181499155717
238,1.25,0.23145833797752857,7.198317050933838,2.397707675515254
239,1.25,0.22446588054299355,7.465353965759277,2.4267031085454587
240,1.25,0.21863393858075142,7.711452007293701,2.4528158608356074
241,1.25,0.2148624248802662,7.939262866973877,2.476495099432787
242,0.75,0.21262437105178833,8.15379810333252,1.4990290461508118
243,0.75,0.0,8.146376609802246,1.4985786571077897
244,0.75,0.0,7.820521354675293,1.478526273783103
245,0.75,0.0,7.507700443267822,1.4587422181641516
246,0.75,0.005606308579444885,7.20739221572876,1.4392228813899242
247,0.75,0.014604717493057251,6.9271650314331055,1.4205109627069725
248,0.75,0.02193644642829895,6.6708245277404785,1.4029445424830154
249,0.75,0.02657797932624817,6.434767246246338,1.3863634541029102
250,0.75,0.02903236448764801,6.214223384857178,1.3704996453781129
251,0.75,0.029816627502441406,6.005443096160889,1.3551305370158861
252,0.75,0.027751684188842773,5.805630683898926,1.3400825967537484
253,0.75,0.019099444150924683,5.610595226287842,1.3250559387192382
254,0.75,0.009989023208618164,5.411479473114014,1.3093493847522775
255,0.75,0.014302462339401245,5.208099365234375,1.292901441601189
256,0.75,0.03716939687728882,5.0182671546936035,1.2771561825806628
257,0.75,0.06349194049835205,4.865007400512695,1.2641506145362793
258,0.75,0.0768042504787445,4.750670433044434,1.254268113116536
259,0.75,0.08256272971630096,4.656976699829102,1.24605038829178
260,0.75,0.08518941700458527,4.573575019836426,1.238641651277605
261,0.75,0.08645743131637573,4.496150970458984,1.2316824564907576
262,0.75,0.08709712326526642,4.422792911529541,1.2250142565752276
263,0.75,0.08743178844451904,4.35257625579834,1.2185618338544388
264,0.75,0.08761267364025116,4.2850141525268555,1.212287171362172
265,0.75,0.08771362900733948,4.219825267791748,1.206169765279216
266,0.75,0.08777183294296265,4.156829833984375,1.2001977401450525
267,0.75,0.08780671656131744,4.095900058746338,1.19436357285181
268,0.75,0.08782859146595001,4.036937236785889,1.188662118890068
269,0.75,0.0878431648015976,3.979858160018921,1.183089417013771
270,0.75,0.0878535658121109,3.9245901107788086,1.1776422655759264
271,0.75,0.08786171674728394,3.8710665702819824,1.1723178414861581
272,0.75,0.08786869049072266,3.819225788116455,1.1671135835115098
273,0.75,0.08787515759468079,3.769009590148926,1.1620270917766833
274,0.75,0.08788156509399414,3.720362424850464,1.1570560451603569
275,0.75,0.08788816630840302,3.673231840133667,1.1521982616364685
276,0.75,0.08789519965648651,3.6275670528411865,1.1474515620171573
277,0.75,0.08790270984172821,3.583319902420044,1.1428138771353342
278,0.75,0.08791086077690125,3.5404436588287354,1.1382831323314218
279,0.75,0.08791965246200562,3.4988932609558105,1.1338572788238692
280,0.75,0.08792921900749207,3.4586257934570312,1.1295343520496126
281,0.75,0.08793960511684418,3.419599771499634,1.1253124029332282
282,0.75,0.08795097470283508,3.381775379180908,1.121189529950259
283,0.75,0.08796359598636627,3.34511399269104,1.1171638335423033
284,0.75,0.08797793090343475,3.3095791339874268,1.1132335270362308
285,0.75,0.08799496293067932,3.2751359939575195,1.109396892166064
286,0.75,0.08801637589931488,3.2417519092559814,1.1056523396028035
287,0.75,0.08804541826248169,3.209397315979004,1.1019985256206777
288,0.75,0.08808784186840057,3.1780474185943604,1.09843455446322
289,0.75,0.08815376460552216,3.147684335708618,1.0949602424778533
290,0.75,0.08826036751270294,3.1183018684387207,1.091576693859676
291,0.75,0.08843567967414856,3.0899126529693604,1.0882871726894512
292,0.75,0.08872319757938385,3.0625596046447754,1.0850985042814516
293,0.75,0.08918455243110657,3.0363306999206543,1.0820229110038755
294,0.75,0.08989563584327698,3.0113770961761475,1.0790802914407125
295,0.75,0.09092748165130615,2.987926721572876,1.076300010075431
296,0.75,0.09230852127075195,2.9662749767303467,1.0737199637824664
297,0.75,0.09398503601551056,2.94673752784729,1.0713810072815195
298,0.75,0.0958181768655777,2.9295618534088135,1.0693161969262985
299,0.75,0.0976366400718689,2.914839267730713,1.0675398242090164
300,0.75,0.09930387139320374,2.9024767875671387,1.0660435641197268
301,0.75,0.10075001418590546,2.892240047454834,1.0648013523369606
302,0.75,0.10196208953857422,2.883829116821289,1.0637784932082637
303,0.75,0.10295897722244263,2.876940965652466,1.062939330603473
304,0.75,0.10377180576324463,2.871302366256714,1.0622513945475944
305,0.75,0.10443268716335297,2.8666820526123047,1.0616870191979708
306,0.75,0.10497014224529266,2.862889528274536,1.0612233034209955
307,0.75,0.10540805757045746,2.8597707748413086,1.0608416618037029
308,0.75,0.10576580464839935,2.857201099395752,1.0605270012271308
309,0.75,0.1060587465763092,2.8550806045532227,1.0602672006635685
310,0.75,0.1062992513179779,2.853327989578247,1.0600523747131898
311,0.75,0.10649707913398743,2.8518776893615723,1.0598745379920187
312,0.75,0.10666023194789886,2.8506760597229004,1.0597271475075911
313,0.75,0.10679489374160767,2.849679708480835,1.0596049046608123
314,1.25,0.10690629482269287,2.8488528728485107,1.7658390633784913
315,1.25,0.27314093708992004,2.923678159713745,1.7810116855823956
316,1.25,0.27119456976652145,3.293198347091675,1.852353696290561
317,1.25,0.2702580392360687,3.663818597793579,1.918705059416991
318,1.25,0.29142672941088676,4.035811424255371,1.9809211940780034
319,1.25,0.29401201754808426,4.451672554016113,2.0460802954459902
320,1.25,0.25315976655110717,4.87517786026001,2.108370186033878
321,1.25,0.2217895593494177,5.213925361633301,2.1556308993994917
322,1.25,0.21907255053520203,5.48346471786499,2.19178616194827
323,1.25,0.21995053440332413,5.74428653717041,2.2256554072517227
324,1.25,0.22280554473400116,6.004049301147461,2.2583779008670195
325,1.25,0.22826054319739342,6.267066478729248,2.2905576801348464
326,1.25,0.23463411256670952,6.5392279624938965,2.3229173115229425
327,1.25,0.23707177489995956,6.822694301605225,2.3556754949524312
328,1.25,0.23349043354392052,7.108250617980957,2.3877657279318534
329,1.25,0.2267058826982975,7.381441116333008,2.417667629414272
330,1.25,0.2202889658510685,7.634283065795898,2.444688549725312
331,1.25,0.2158753126859665,7.867449760437012,2.469080365149862
332,0.75,0.21322428062558174,8.08576488494873,1.4948899746237276
333,0.75,0.0,8.08108139038086,1.4946041784756534
334,0.75,0.0,7.757838249206543,1.4746049964370833
335,0.75,0.0,7.447524547576904,1.4548734037462259
336,0.75,0.007425367832183838,7.149623394012451,1.4354058377474157
337,0.75,0.01625913381576538,6.87429666519165,1.4169241180178405
338,0.75,0.023072510957717896,6.6223626136779785,1.3995729472564786
339,0.75,0.027215033769607544,6.389759540557861,1.3831559629366843
340,0.75,0.029321789741516113,6.171811580657959,1.3674058730148395
341,0.75,0.02972640097141266,5.965034008026123,1.3521146810572533
342,0.75,0.026651963591575623,5.766626358032227,1.3371048422607275
343,0.75,0.016760945320129395,5.571597576141357,1.3220095055850911
344,0.75,0.009551376104354858,5.370891571044922,1.3061004238204392
345,0.75,0.01734428107738495,5.1685309410095215,1.28965163525333
346,0.75,0.04313391447067261,4.984157562255859,1.2742849245214911
347,0.75,0.06709600985050201,4.839756011962891,1.261981556386292
348,0.75,0.07835425436496735,4.730839729309082,1.252537914955676
349,0.75,0.08325476944446564,4.639747619628906,1.2445272245156787
350,0.75,0.08551779389381409,4.557770729064941,1.237227544359629
351,0.75,0.08662082254886627,4.481265068054199,1.2303352651443902
352,0.75,0.08718161284923553,4.4085869789123535,1.2237143979492326
353,1.25,0.0874769538640976,4.338928699493408,2.0288327299645497
354,1.25,0.2954849414527416,4.34284782409668,2.029437284347765
355,1.25,0.2703236751258373,4.768802165985107,2.09307641481736
356,1.25,0.2243351135402918,5.143857955932617,2.1460279415294097
357,0.75,0.21918973699212074,5.4195332527160645,1.3099921269471215
358,0.75,0.012444227933883667,5.489888668060303,1.3155799035555396
359,0.75,0.010610431432723999,5.2866644859313965,1.2993053915933428
360,1.25,0.02624395489692688,5.08898401260376,2.1384459193518337
361,1.25,0.24289382668212056,4.9415459632873535,2.117799053959826
362,1.25,0.22076824307441711,5.258284568786621,2.1616658482119497
363,1.25,0.21908370777964592,5.525180339813232,2.197274643937902
364,1.25,0.2202560380101204,5.785560131072998,2.2309200100256863
365,0.75,0.22349442541599274,6.045511245727539,1.3581075526572326
366,0.75,0.02964693307876587,6.10722017288208,1.3626667025583425
367,0.75,0.029333844780921936,5.903330326080322,1.3474830208950062
368,0.75,0.024315863847732544,5.706724166870117,1.3325052668749489
369,0.75,0.013418763875961304,5.5108561515808105,1.3172358988722173
370,1.25,0.01007753610610962,5.3080973625183105,2.1684022211964353
371,1.25,0.22567920945584774,5.117625713348389,2.142410186191221
372,0.75,0.2192826308310032,5.39641809463501,1.308145670057563
373,0.75,0.011537402868270874,5.467414855957031,1.3138002276818437
374,0.75,0.011388733983039856,5.263875961303711,1.297454470802665
375,0.75,0.029206886887550354,5.068097114562988,1.2813273305824444
376,0.75,0.05748358368873596,4.902796745300293,1.2673826187826556
377,0.75,0.0741688460111618,4.779538631439209,1.2567781904277857
378,0.75,0.08140380680561066,4.681571006774902,1.248218158742375
379,0.75,0.08464686572551727,4.595917701721191,1.2406352131797964
380,0.75,0.08619023859500885,4.517096996307373,1.233573044455858
381,0.75,0.08696018159389496,4.442735195159912,1.2268342864197712
382,1.25,0.08735913038253784,4.371711730957031,2.0338785382965834
383,1.25,0.2952033281326294,4.374521255493164,2.0343097859941124
384,1.25,0.26549720764160156,4.800075531005859,2.097596146532529
385,1.25,0.2234223671257496,5.164978504180908,2.1489317576497404
386,1.25,0.21913530677556992,5.4384989738464355,2.1858386445870215
387,1.25,0.2196745090186596,5.699953556060791,2.219972259623404
388,1.25,0.22214465215802193,5.9596266746521,2.2528501292819003
389,1.25,0.22716252319514751,6.221700191497803,2.285072634348561
390,1.25,0.23368503712117672,6.491915225982666,2.317357566187951
391,0.75,0.23710188828408718,6.773770332336426,1.4100526130210373
392,0.75,0.017387598752975464,6.837145805358887,1.4143925531683856
393,0.75,0.023815453052520752,6.588253021240234,1.3971899479146037
394,0.75,0.027620568871498108,6.357997417449951,1.3808833017304847
395,0.75,0.02949082851409912,6.141818523406982,1.3652093901072218
396,0.75,0.029588282108306885,5.936407089233398,1.3499698718000621
397,0.75,0.0256708562374115,5.738893985748291,1.3349794181877639
398,0.75,0.01514551043510437,5.54360818862915,1.3198142025423771
399,0.75,0.009608477354049683,5.341853141784668,1.303765861294397
400,0.75,0.020021915435791016,5.1407060623168945,1.2873563461286666
401,0.75,0.047311991453170776,4.960853099822998,1.2723156361565355
402,0.75,0.06933136284351349,4.822614669799805,1.260504815483943
403,0.75,0.07931332290172577,4.717102527618408,1.25133651447354
404,0.75,0.08368776738643646,4.627665996551514,1.243456867908392
405,0.75,0.08572511374950409,4.546621322631836,1.2362279609672528
406,0.75,0.08672472834587097,4.47073221206665,1.2293802171478305
407,0.75,0.08723564445972443,4.398520469665527,1.222791601328613
408,0.75,0.08750598132610321,4.329250812530518,1.2164029646421173
409,0.75,0.08765371143817902,4.262523174285889,1.2101836800023558
410,0.75,0.08773703873157501,4.198099136352539,1.2041168979732544
411,0.75,0.08778570592403412,4.1358208656311035,1.1981925942041602
412,0.75,0.0878153145313263,4.0755720138549805,1.192404185902008
413,0.75,0.0878341943025589,4.017260551452637,1.1867470571067582
414,0.75,0.087847039103508,3.9608070850372314,1.1812175235060827
415,0.75,0.08785653114318848,3.9061412811279297,1.1758125355644826
416,0.75,0.08786417543888092,3.853198528289795,1.1705293849344103
417,0.75,0.08787092566490173,3.8019182682037354,1.1653655609104137
418,0.75,0.08787734806537628,3.7522432804107666,1.16031869493318
419,0.75,0.08788381516933441,3.7041192054748535,1.1553865256988318
420,0.75,0.08789052069187164,3.657494306564331,1.1505668864366974
421,0.75,0.08789770305156708,3.612318515777588,1.1458576160360803
422,0.75,0.08790542185306549,3.5685439109802246,1.1412566162016233
423,0.75,0.08791375160217285,3.5261247158050537,1.1367618603904
424,0.75,0.0879228413105011,3.4850168228149414,1.1323713516129261
425,0.75,0.08793266117572784,3.4451775550842285,1.1280831035961076
426,0.75,0.08794336020946503,3.4065659046173096,1.1238951727136635
427,0.75,0.08795510232448578,3.3691422939300537,1.119805638816545
428,0.75,0.08796824514865875,3.332869291305542,1.1158126902750156
429,0.75,0.0879833847284317,3.297710657119751,1.1119145267146069
430,0.75,0.08800160884857178,3.263632297515869,1.1081094708990464
431,0.75,0.08802518248558044,3.230602502822876,1.104396004329234
432,0.75,0.0880579799413681,3.1985931396484375,1.100772912079968
433,0.75,0.08810700476169586,3.16758131980896,1.0972394872588094
434,1.25,0.0881844013929367,3.137552499771118,1.82299317822074
435,1.25,0.2711047939956188,3.1728100776672363,1.82972810164779
436,1.25,0.27040325850248337,3.541945695877075,1.897404120962722
437,1.25,0.2836499810218811,3.913332223892212,1.9608773511993607
438,1.25,0.2956559434533119,4.31300163269043,2.0248240402224105
439,1.25,0.2745373174548149,4.739132881164551,2.0887701160432743
440,1.25,0.22538267076015472,5.123013019561768,2.1431541753606713
441,0.75,0.21926117315888405,5.401122093200684,1.3085218579908267
442,0.75,0.011709481477737427,5.471985340118408,1.3141625556601781
443,0.75,0.01121281087398529,5.268494129180908,1.297829998987127
444,0.75,0.02859000861644745,5.0723066329956055,1.2816784385738198
445,0.75,0.056936055421829224,4.906057357788086,1.2676607055045652
446,0.75,0.07392315566539764,4.7819905281066895,1.2569909132773314
447,0.75,0.08129668235778809,4.683631420135498,1.248399419236023
448,0.75,0.08459717035293579,4.597776889801025,1.2408008093472287
449,0.75,0.0861659049987793,4.518834114074707,1.2337295727005684
450,0.75,0.08694778382778168,4.444386005401611,1.226984701894502
451,0.75,0.08735260367393494,4.373294353485107,1.2204728913718816
452,0.75,0.08756934106349945,4.30497407913208,1.214147756966933
453,0.75,0.08768913149833679,4.2390971183776855,1.207984813066381
454,0.75,0.08775751292705536,4.175460338592529,1.201970207253148
455,0.75,0.08779801428318024,4.113924026489258,1.1960954313767218
456,1.25,0.08782303333282471,4.054381847381592,1.9839245293392282
457,1.25,0.2926895394921303,4.066441059112549,1.9858698944481104
458,1.25,0.2932089641690254,4.485026836395264,2.051126653818534
459,1.25,0.24805408203974366,4.907034397125244,2.1129066830092977
460,1.25,0.22126110643148422,5.234868049621582,2.158484363954973
461,1.25,0.21907031163573265,5.503061771392822,2.1943679977200334
462,1.25,0.2200879119336605,5.763659954071045,2.2281297049723747
463,1.25,0.22311994060873985,6.023498058319092,2.2607894020261745
464,0.75,0.22875380516052246,6.286985397338867,1.375774553516851
465,0.75,0.027714461088180542,6.3502197265625,1.3803256291272905
466,0.75,0.029527589678764343,6.13446569442749,1.3646698236442676
467,0.75,0.029543370008468628,5.92938232421875,1.3494424982024196
468,0.75,0.025403067469596863,5.73207426071167,1.3344556970028632
469,0.75,0.014763295650482178,5.536690711975098,1.319270497269156
470,0.75,0.009671106934547424,5.334699630737305,1.3031894456164357
471,1.25,0.020745977759361267,5.133914947509766,2.1446581338662165
472,1.25,0.2386459782719612,4.97305154800415,2.1222453472097276
473,1.25,0.22038140147924423,5.280594825744629,2.1646882118392536
474,1.25,0.21911121159791946,5.546428203582764,2.2000595364513185
475,1.25,0.2204311117529869,5.806628704071045,2.2335976894980285
476,0.75,0.22387390583753586,6.066718101501465,1.3596778492704908
477,0.75,0.0295562744140625,6.128445625305176,1.364227735270274
478,0.75,0.02950310707092285,5.923629283905029,1.3490102855249855
479,0.75,0.025175735354423523,5.726484298706055,1.3340261041144421
480,0.75,0.014455825090408325,5.531010150909424,1.318823671627051
481,0.75,0.009737089276313782,5.328834533691406,1.302716461292713
482,0.75,0.021358519792556763,5.128365993499756,1.2863357425327895
483,0.75,0.04913213849067688,4.950705528259277,1.271456202417895
484,0.75,0.07025009393692017,4.815146446228027,1.259860321846744
485,0.75,0.07970809936523438,4.711045742034912,1.250806067662628
486,0.75,0.08386719226837158,4.622303485870361,1.2429811828645259
487,0.75,0.08581149578094482,4.541656494140625,1.2357823181543999
488,0.75,0.08676820993423462,4.466034412384033,1.2289537663437073
489,0.75,0.08725833892822266,4.394027233123779,1.2223792496826595
490,0.75,0.08751823008060455,4.3249287605285645,1.2160020850445148
491,0.75,0.0876605212688446,4.258354187011719,1.2097929548237496
492,1.25,0.087740957736969,4.194071292877197,2.006225886395343
493,1.25,0.29547929391264915,4.20233678817749,2.0075297745541616
494,1.25,0.28630493208765984,4.627426624298096,2.072392736853397
495,1.25,0.23173902928829193,5.035665988922119,2.131026229933482
496,1.25,0.2197752259671688,5.328081130981445,2.171092797802262
497,1.25,0.21921445056796074,5.5921101570129395,2.2060228161767603
498,1.25,0.22085516154766083,5.852017879486084,2.2393443205921275
499,1.25,0.2247549369931221,6.1125078201293945,2.2717598730378263
500,1.25,0.23104463331401348,6.378596782684326,2.303930172392631
501,1.25,0.2363790813833475,6.655763626098633,2.3364974785675634
502,1.25,0.23622516356408596,6.941832065582275,2.3691713221885573
503,1.25,0.23083394765853882,7.223816871643066,2.400507312028069
504,1.25,0.22384716756641865,7.488982677459717,2.4292350887330607
505,1.25,0.21820172667503357,7.733200550079346,2.4550965338198676
506,1.25,0.2146027870476246,7.959578990936279,2.4785845887655147
507,1.25,0.21246935054659843,8.173107147216797,2.500332618112698
508,1.25,0.21113859117031097,8.377427101135254,2.5207892026118524
509,1.25,0.21017728000879288,8.574565887451172,2.5402123305119098
510,1.25,0.209336519241333,8.765478134155273,2.5587388580017074
511,1.25,0.20847690105438232,8.950496673583984,2.576437239230975
512,0.75,0.20752250775694847,9.12960433959961,1.5560029248534124
513,0.75,0.0,9.087326049804688,1.5536213471010414
514,0.75,0.0,8.723833084106445,1.532832457890129
515,0.75,0.0,8.374879837036133,1.512321743408192
516,0.75,0.0,8.039884567260742,1.4920854720779553
517,0.75,0.0,7.718289375305176,1.4721199974921768
518,0.75,0.0,7.409557819366455,1.4524216686905134
519,0.75,0.008593171834945679,7.113175392150879,1.4329869129442154
520,0.75,0.017273172736167908,6.8409624099731445,1.4146530515526836
521,0.75,0.02374124526977539,6.59175968170166,1.3974353144989853
522,0.75,0.027580469846725464,6.361266136169434,1.381117537566174
523,0.75,0.02947482466697693,6.144907474517822,1.3654359349103722
524,0.75,0.029605746269226074,5.939357280731201,1.3501912282897965
525,0.75,0.025780081748962402,5.741756439208984,1.3351991162312338
526,0.75,0.015308082103729248,5.546507835388184,1.3200419760554745
527,0.75,0.009587913751602173,5.344854831695557,1.304007577457117
528,0.75,0.01972559094429016,5.143563270568848,1.2875924216711698
529,0.75,0.046886980533599854,4.963219165802002,1.2725158572878024
530,1.25,0.06911247968673706,4.824354648590088,2.1010914605301494
531,1.25,0.26915401220321655,4.776592254638672,2.0942041174791175
532,1.25,0.22409117221832275,5.149191856384277,2.146762040217351
533,1.25,0.2191743217408657,5.424294471740723,2.183953001972267
534,1.25,0.21959825046360493,5.685988903045654,2.218175966939118
535,1.25,0.22195294126868248,5.945656776428223,2.2511060678514117
536,1.25,0.2268277294933796,6.207469940185547,2.283346595774683
537,1.25,0.23336517252027988,6.477097511291504,2.3156107478203682
538,1.25,0.2370714135468006,6.758396625518799,2.348326212789896
539,1.25,0.2347146887332201,7.044781684875488,2.3807089294907167
540,1.25,0.22830311581492424,7.321777820587158,2.4112013227207343
541,1.25,0.22157345712184906,7.5793914794921875,2.4388738937536685
542,1.25,0.21668782085180283,7.816605567932129,2.463803218655043
543,1.25,0.21370366588234901,8.03781795501709,2.48659815874065
544,1.25,0.21192458644509315,8.247700691223145,2.507840244204017
545,1.25,0.21076550334692,8.449265480041504,2.5279022037841696
546,1.25,0.20986927673220634,8.644089698791504,2.5469907657714206
547,1.25,0.2090337835252285,8.832860946655273,2.565213240374073
548,1.25,0.20814629271626472,9.015762329101562,2.582621861693111
549,1.25,0.20714737102389336,9.192694664001465,2.5992386045440625
550,1.25,0.20601355284452438,9.363411903381348,2.615069740901706
551,1.25,0.20474842935800552,9.527615547180176,2.630115417457638
552,1.25,0.20337606593966484,9.685023307800293,2.644376166059634
553,1.25,0.20193387940526009,9.83542537689209,2.657857861304695
554,1.25,0.20046483352780342,9.978719711303711,2.6705745438076716
555,1.25,0.19901034235954285,10.114927291870117,2.682549382592245
556,1.25,0.1976052224636078,10.244185447692871,2.693813750906056
557,1.25,0.19627508148550987,10.366729736328125,2.7044054299757914
558,1.25,0.19503603130578995,10.482868194580078,2.714366297653476
559,1.25,0.19389599189162254,10.592952728271484,2.7237399091989403
560,1.25,0.19285645708441734,10.697357177734375,2.732569754128021
561,1.25,0.19191448390483856,10.796456336975098,2.740897658168076
562,1.25,0.19106433540582657,10.890616416931152,2.7487631841127143
563,1.25,0.19029878824949265,10.980182647705078,2.756202797898327
564,1.25,0.18961001560091972,11.06547737121582,2.763249906223231
565,1.25,0.18899019807577133,11.146798133850098,2.7699348727016475
566,1.25,0.18843182176351547,11.224416732788086,2.776285093307012
567,1.25,0.1879279688000679,11.298580169677734,2.7823252087210375
568,1.25,0.18747232854366302,11.369513511657715,2.788077451607177
569,1.25,0.18705926090478897,11.437419891357422,2.793561743055846
570,1.25,0.186683751642704,11.502484321594238,2.798796083433878
571,1.25,0.18634136766195297,11.564874649047852,2.8037966974269053
572,1.25,0.18602824211120605,11.62474250793457,2.80857816944191
573,1.25,0.18574096262454987,11.682228088378906,2.8131538738234276
574,1.25,0.18547655642032623,11.737457275390625,2.8175357877558715
575,1.25,0.18523245304822922,11.790545463562012,2.821734831262728
576,1.25,0.18500633537769318,11.84160041809082,2.8257611226795647
577,1.25,0.1847962588071823,11.89072036743164,2.8296238528032025
578,1.25,0.18460045009851456,11.937995910644531,2.833331457840229
579,1.25,0.18441744148731232,11.98351001739502,2.836891638700333
580,1.25,0.18424586951732635,12.027341842651367,2.8403116757051987
581,1.25,0.18408457189798355,12.069563865661621,2.8435982184136597
582,1.25,0.18393253535032272,12.110243797302246,2.8467574472843142
583,1.25,0.18378885835409164,12.149445533752441,2.8497951583178653
584,1.25,0.18365277349948883,12.187228202819824,2.8527166984890533
585,1.25,0.18352356553077698,12.223648071289062,2.8555271218430223
586,0.75,0.18340062350034714,12.258758544921875,1.71493871780751
587,0.75,0.0,12.082928657531738,1.7067821533905638
588,0.75,0.0,11.599611282348633,1.683943815242027
589,0.75,0.0,11.135626792907715,1.661411084313011
590,0.75,0.0,10.690201759338379,1.6391798660172483
591,0.75,0.0,10.262593269348145,1.6172460982760002
592,0.75,0.0,9.852089881896973,1.5956058648475717
593,0.75,0.0,9.458005905151367,1.5742551584979547
594,0.75,0.0,9.07968521118164,1.5531901395008738
595,0.75,0.0,8.716497421264648,1.5324069936923093
596,0.75,0.0,8.367837905883789,1.5119019905141895
597,0.75,0.0,8.033123970031738,1.4916713148260623
598,0.75,0.0,7.711799144744873,1.4717113784513902
599,0.75,0.0,7.403326988220215,1.4520185037724844
600,0.75,0.008785918354988098,7.107193946838379,1.4325891528919834
601,0.75,0.017437025904655457,6.8354926109313965,1.4142796858585054
602,0.75,0.02384743094444275,6.586733818054199,1.3970836196963075
603,1.25,0.027637839317321777,6.356581211090088,2.3013029859475846
604,1.25,0.22588349506258965,6.165921211242676,2.278291780975619
605,1.25,0.2323828563094139,6.433912754058838,2.3105044976676243
606,1.25,0.23687235824763775,6.713478088378906,2.343164144199756
607,1.25,0.23545122519135475,6.999969959259033,2.3757008395504937
608,1.25,0.22942023910582066,7.279332637786865,2.4065795924201843
609,1.25,0.22253602743148804,7.540277481079102,2.4347133175914437
610,1.25,0.21731562539935112,7.780478000640869,2.460039526223303
611,1.25,0.2140750139951706,8.003864288330078,2.483126926631134
612,1.25,0.2121514081954956,8.215285301208496,2.5045833410296336
613,1.25,0.21092355996370316,8.418025016784668,2.5248139610692952
614,1.25,0.21000239625573158,8.613846778869629,2.5440466459721494
615,1.25,0.20916655659675598,8.803548812866211,2.562400906441229
616,1.25,0.20829226821660995,8.987375259399414,2.5799355801936352
617,1.25,0.20731323957443237,9.165261268615723,2.596676295572251
618,1.25,0.206201009452343,9.336976051330566,2.6126309890537502
619,1.25,0.20495540276169777,9.50222396850586,2.627800250246458
620,1.25,0.20359769463539124,9.660717010498047,2.642184265758036
621,1.25,0.2021636851131916,9.812231063842773,2.6557878273408337
622,1.25,0.20069600269198418,9.956645965576172,2.668623612552307
623,1.25,0.1992366909980774,10.093962669372559,2.680713318927352
624,0.75,0.19782186672091484,10.224300384521484,1.615252238219643
625,1.25,0.0,10.13486099243164,2.6842927958021896
626,1.25,0.2029622346162796,9.729466438293457,2.6483744599146704
627,1.25,0.20150776207447052,9.8778076171875,2.66163193669232
628,1.25,0.200038880109787,10.019034385681152,2.674130202902628
629,1.25,0.1985955387353897,10.153203010559082,2.6858949710880298
630,1.25,0.19721001014113426,10.280481338500977,2.696959664324439
631,1.25,0.19590507447719574,10.401129722595215,2.707363579199362
632,1.25,0.19469432160258293,10.515470504760742,2.7171492047787633
633,1.25,0.19358357787132263,10.623865127563477,2.7263603307964557
634,1.25,0.19257283955812454,10.726689338684082,2.7350400800432006
635,1.25,0.19165822863578796,10.824316024780273,2.7432296483789442
636,1.25,0.1908334642648697,10.917105674743652,2.7509677092535485
637,1.25,0.19009105116128922,11.00539779663086,2.758289897988982
638,1.25,0.18942312896251678,11.089508056640625,2.765228763259824
639,1.25,0.18882190436124802,11.169726371765137,2.7718137785565924
640,1.25,0.18828006088733673,11.246316909790039,2.778071491180519
641,1.25,0.18779083713889122,11.319519996643066,2.7840258064922208
642,1.25,0.18734810501337051,11.389554023742676,2.7896982516375983
643,1.25,0.18694645911455154,11.456616401672363,2.79510814507344
644,1.25,0.18658099323511124,11.52088737487793,2.8002729824649912
645,1.25,0.18624748289585114,11.58253002166748,2.8052085015345525
646,1.25,0.18594220280647278,11.641692161560059,2.8099288913049403
647,1.25,0.18566187471151352,11.698509216308594,2.8144470675301028
648,1.25,0.18540363013744354,11.753104209899902,2.818774712064726
649,1.25,0.18516495823860168,11.805590629577637,2.822922533759265
650,1.25,0.18494369834661484,11.856073379516602,2.8269003716751726
651,1.25,0.1847379431128502,11.904647827148438,2.8307171445286476
652,1.25,0.18454601615667343,11.95140266418457,2.8343810974382078
653,1.25,0.18436644971370697,11.996419906616211,2.837899819656432
654,1.25,0.18419797718524933,12.039776802062988,2.8412804091581965
655,1.25,0.18403947353363037,12.081543922424316,2.844529337262027
656,1.25,0.1838899478316307,12.121788024902344,2.8476526837465284
657,1.25,0.18374856561422348,12.160571098327637,2.8506560727816845
658,1.25,0.18361453711986542,12.197952270507812,2.8535448298080275
659,1.25,0.183487206697464,12.233986854553223,2.856323915390891
660,1.25,0.18336598575115204,12.268726348876953,2.858997932654728
661,1.25,0.1832503378391266,12.302220344543457,2.8615712804964617
662,1.25,0.1831398382782936,12.334515571594238,2.864048085455719
663,1.25,0.18303405493497849,12.365655899047852,2.866432206905505
664,1.25,0.18293265253305435,12.395684242248535,2.8687273874936183
665,1.25,0.18283528834581375,12.424640655517578,2.8709371109557025
666,1.25,0.1827416941523552,12.452563285827637,2.873064678853944
667,1.25,0.18265161663293839,12.47948932647705,2.8751132863537414
668,1.25,0.18256483227014542,12.505454063415527,2.8770859523413375
669,1.25,0.18248112499713898,12.53049087524414,2.878985522264088
670,1.25,0.18240036070346832,12.554632186889648,2.8808147429727935
671,1.25,0.18232233822345734,12.577908515930176,2.8825761925794247
672,1.25,0.18224694579839706,12.600350379943848,2.8842724268179047
673,1.25,0.18217403441667557,12.621986389160156,2.8859058364146946
674,1.25,0.1821034774184227,12.642844200134277,2.8874787209805177
675,1.25,0.18203521519899368,12.66295051574707,2.888993290489843
676,1.25,0.18196912854909897,12.682331085205078,2.8904516666625946
677,1.25,0.1819051057100296,12.701010704040527,2.891855884254309
678,1.25,0.1818431094288826,12.719013214111328,2.893207892260544
679,1.25,0.1817830428481102,12.73636245727539,2.894509626563643
680,1.25,0.18172483891248703,12.753080368041992,2.8957628677478118
681,1.25,0.18166842311620712,12.76918888092041,2.896969385202648
682,1.25,0.1816137731075287,12.784708976745605,2.89813086640291
683,1.25,0.18156081438064575,12.799660682678223,2.899248917780679
684,1.25,0.18150947988033295,12.814064025878906,2.900325136769765
685,1.25,0.18145976215600967,12.827938079833984,2.9013610411243063
686,1.25,0.18141155689954758,12.841300964355469,2.9023580696433813
687,1.25,0.18136487901210785,12.854169845581055,2.903317582845272
688,1.25,0.18131964653730392,12.866562843322754,2.904241005668445
689,1.25,0.1812758445739746,12.878496170043945,2.905129614635112
690,1.25,0.18123342096805573,12.889986038208008,2.905984680539989
691,1.25,0.1811923310160637,12.901047706604004,2.9068073978552365
692,1.25,0.1811525523662567,12.911697387695312,2.9075990269683425
693,1.25,0.181114062666893,12.921948432922363,2.9083606109352926
694,1.25,0.1810767948627472,12.931815147399902,2.909093259485593
695,1.25,0.18104073405265808,12.941311836242676,2.9097980783073814
696,1.25,0.18100585788488388,12.950450897216797,2.9104760278163093
697,1.25,0.1809721142053604,12.959245681762695,2.911128135781208
698,1.25,0.1809394732117653,12.967708587646484,2.911755356020176
699,1.25,0.18090791255235672,12.975852012634277,2.91235863937033
700,1.25,0.18087740242481232,12.983686447143555,2.912938792639852
701,1.25,0.1808479279279709,12.991223335266113,2.9134966907797533
702,1.25,0.18081941455602646,12.99847412109375,2.914033206329342
703,1.25,0.18079188466072083,13.005449295043945,2.914549139024068
704,1.25,0.1807652860879898,13.012158393859863,2.91504521604707
705,1.25,0.1807396039366722,13.018610954284668,2.9155221627406918
706,1.25,0.18071480095386505,13.024816513061523,2.915980702706935
707,1.25,0.18069083988666534,13.030784606933594,2.9164215579038326
708,1.25,0.1806677058339119,13.036523818969727,2.9168453783227264
709,1.25,0.1806453987956047,13.04204273223877,2.9172528125716
710,1.25,0.1806238666176796,13.047348976135254,2.9176444375758708
711,1.25,0.18060306459665298,13.052451133728027,2.9180208994590613
712,1.25,0.18058302998542786,13.057356834411621,2.9183827728378553
713,1.25,0.18056369572877884,13.06207275390625,2.9187305609747716
714,1.25,0.18054504692554474,13.066606521606445,2.919064836530627
715,1.25,0.18052707612514496,13.070964813232422,2.919386100953611
716,1.25,0.18050973117351532,13.075154304504395,2.919694854883649
717,1.25,0.18049301952123642,13.079181671142578,2.919991598197393
718,1.25,0.18047691136598587,13.083052635192871,2.920276759804168
719,1.25,0.18046139180660248,13.086772918701172,2.920550767987983
720,1.25,0.18044643849134445,13.090348243713379,2.920814050441767
721,1.25,0.1804320439696312,13.09378433227539,2.9210670343002434
722,1.25,0.18041816353797913,13.097086906433105,2.9213101461714626
723,1.25,0.18040481209754944,13.100260734558105,2.9215437419816452
724,1.25,0.18039190769195557,13.103310585021973,2.9217681772332056
725,1.25,0.18037950992584229,13.106241226196289,2.9219838070280337
726,1.25,0.1803675815463066,13.109057426452637,2.9221909860898574
727,1.25,0.18035607784986496,13.111763954162598,2.9223900687856865
728,1.25,0.18034501373767853,13.114364624023438,2.922581339011574
729,1.25,0.18033435940742493,13.116863250732422,2.922765080382837
730,1.25,0.18032410740852356,13.119263648986816,2.9229415762492863
731,1.25,0.18031422793865204,13.121569633483887,2.9231111097098688
732,1.25,0.18030474334955215,13.123785018920898,2.9232739636267375
733,1.25,0.18029561638832092,13.125913619995117,2.923430420638736
734,1.25,0.18028680980205536,13.127958297729492,2.9235806930882107
735,1.25,0.18027835339307785,13.129922866821289,2.9237250632266494
736,1.25,0.1802702099084854,13.131810188293457,2.9238637430452936
737,1.25,0.18026237934827805,13.133623123168945,2.923996944384759
738,1.25,0.18025484681129456,13.135364532470703,2.924124878943295
739,1.25,0.18024761229753494,13.13703727722168,2.9242477582847193
740,1.25,0.180240660905838,13.138644218444824,2.9243657938460412
741,1.25,0.18023395538330078,13.140188217163086,2.9244791969447577
742,1.25,0.18022751063108444,13.141671180725098,2.9245881087487433
743,1.25,0.1802213191986084,13.143095970153809,2.924692740372376
744,1.25,0.18021535873413086,13.144464492797852,2.9247932328022177
745,0.75,0.18020962178707123,13.14577865600586,1.7549338361694344
746,0.75,0.0,12.936203002929688,1.7456513744757816
747,0.75,0.0,12.418754577636719,1.72229292712062
748,0.75,0.0,11.922004699707031,1.6992470657620133
749,0.75,0.0,11.445124626159668,1.6765095705670219
750,0.75,0.0,10.987319946289062,1.6540763337615367
751,0.75,0.0,10.547826766967773,1.631943239819552
752,0.75,0.0,10.125913619995117,1.610106322662464
753,0.75,0.0,9.720876693725586,1.5885615871285386
754,0.75,0.0,9.33204174041748,1.5673051670397884
755,0.75,0.0,8.958760261535645,1.5463331820754034
756,0.75,0.0,8.600409507751465,1.5256417907461162
757,0.75,0.0,8.256393432617188,1.5052273078691125
758,0.75,0.0,7.926137924194336,1.4850859854864342
759,0.75,0.0,7.6090922355651855,1.4652141476055354
760,0.75,0.002659708261489868,7.3047285079956055,1.445608221751137
761,0.75,0.011732339859008789,7.016384124755859,1.426522648715685
762,0.75,0.019819527864456177,6.75246524810791,1.40858753685845
763,0.75,0.025336146354675293,6.510283946990967,1.3917115789499743
764,0.75,0.028420254588127136,6.285133361816406,1.3756407982364043
765,0.75,0.029757022857666016,6.072824001312256,1.3601292886599448
766,0.75,0.02895718812942505,5.870384216308594,1.3449966951365544
767,0.75,0.02273532748222351,5.674516201019287,1.3300188026387187
768,0.75,0.011936604976654053,5.477774143218994,1.3146211757048885
769,0.75,0.01100294291973114,5.274355411529541,1.2983062940746404
770,0.75,0.027818799018859863,5.077666282653809,1.2821251944293086
771,0.75,0.05623029172420502,4.910226821899414,1.2680161247846002
772,0.75,0.07360462844371796,4.785118579864502,1.2572621922626992
773,0.75,0.08115799725055695,4.686254024505615,1.2486300600270106
774,0.75,0.08453288674354553,4.60014009475708,1.2410112330890786
775,0.75,0.08613447844982147,4.521040916442871,1.2339283651663389
776,0.75,0.08693176507949829,4.446483135223389,1.2271757303194002
777,0.75,0.08734416961669922,4.375304222106934,1.220657960588484
778,0.75,0.08756475150585175,4.306909561157227,1.2143278673227431
779,1.25,0.08768655359745026,4.240965366363525,2.013600788163217
780,1.25,0.29571665078401566,4.247892379760742,2.0146855418380554
781,1.25,0.2822350896894932,4.673752784729004,2.0792164677507055
782,1.25,0.22854630090296268,5.073630332946777,2.1363146759012173
783,1.25,0.21950689144432545,5.358932018280029,2.175233258187826
784,1.25,0.21931246668100357,5.622053623199463,2.209913920546441
785,1.25,0.22117069736123085,5.881833076477051,2.243102928955401
786,1.25,0.22537952661514282,6.1426682472229,2.275452861287284
787,1.25,0.23180817998945713,6.409801959991455,2.307643594798102
788,1.25,0.23668987676501274,6.688340663909912,2.3402652296923816
789,1.25,0.23581383377313614,6.974724292755127,2.3728699573079544
790,1.25,0.2300404328852892,7.255290985107422,2.4039537536824653
791,1.25,0.22309719026088715,7.518085956573486,2.4323463612084293
792,0.75,0.21769019961357117,7.760012149810791,1.4747413441443538
793,0.75,0.0,7.77064847946167,1.4754080893083037
794,0.75,0.0,7.459822654724121,1.4556657689260337
795,0.75,0.007050111889839172,7.1614298820495605,1.4361876205557298
796,1.25,0.015925303101539612,6.885097980499268,2.362764049521394
797,1.25,0.23628515377640724,6.647321701049805,2.335519098757035
798,1.25,0.23632029630243778,6.933277130126953,2.368207421204715
799,1.25,0.23103707283735275,7.215601444244385,2.3996060606528555
800,1.25,0.2240455038845539,7.481375217437744,2.4284204816406167
801,1.25,0.2183392383158207,7.726196765899658,2.454362547767942
802,1.25,0.21468522027134895,7.953032493591309,2.477911679850629
803,1.25,0.21251863986253738,8.166882514953613,2.4997040547402554
804,1.25,0.21117134392261505,8.371440887451172,2.5201946421603245
805,1.25,0.21020331233739853,8.56877613067627,2.5396461819600615
806,0.75,0.20936137810349464,8.759866714477539,1.534918914345081
807,0.75,0.0,8.73082447052002,1.5332377312217786
808,0.75,0.0,8.381591796875,1.5127216074365308
809,0.75,0.0,8.0463285446167,1.4924800159123328
810,0.75,0.0,7.724475383758545,1.4725092487593803
811,0.75,0.0,7.415496349334717,1.4528057089480388
812,0.75,0.008409708738327026,7.1188764572143555,1.4333658194605399
813,0.75,0.017116308212280273,6.846175670623779,1.4150087199489942
814,1.25,0.02363911271095276,6.596548557281494,2.329617097463201
815,1.25,0.23127061501145363,6.387756824493408,2.305021478900378
816,1.25,0.23647893406450748,6.665330410003662,2.3376052198142077
817,1.25,0.23611154407262802,6.951511383056641,2.370260950269151
818,1.25,0.23060240410268307,7.233097076416016,2.401524546322572
819,1.25,0.2236243598163128,7.497570514678955,2.43015400872817
820,1.25,0.21804838255047798,7.741109371185303,2.4559248311442277
821,1.25,0.21451107040047646,7.966975212097168,2.4793443940928817
822,1.25,0.21241438761353493,8.180143356323242,2.5010427484438336
823,1.25,0.21110191196203232,8.384195327758789,2.5214610910986464
824,1.25,0.210147924721241,8.5811128616333,2.540852214722025
825,1.25,0.20930836349725723,8.771822929382324,2.559349907825447
826,1.25,0.20844650268554688,8.956643104553223,2.577020965849615
827,1.25,0.20748810470104218,9.13554859161377,2.593895295895279
828,1.25,0.20639915764331818,9.308328628540039,2.609982987447757
829,1.25,0.20517515391111374,9.474693298339844,2.625285355528348
830,1.25,0.20383422076702118,9.63434886932373,2.63980224951617
831,1.25,0.2024102322757244,9.787056922912598,2.653537385231806
832,1.25,0.2009451910853386,9.93267822265625,2.6665020009218
833,0.75,0.19948171824216843,10.071191787719727,1.6072297005995675
834,0.75,0.0,9.988957405090332,1.6028870367703525
835,0.75,0.0,9.589399337768555,1.5814389350010654
836,0.75,0.0,9.205822944641113,1.5602777927872902
837,0.75,0.0,8.837590217590332,1.5393998407034672
838,0.75,0.0,8.484086990356445,1.5188012665415722
839,0.75,0.0,8.144723892211914,1.4984783210191077
840,0.75,0.0,7.818934917449951,1.4784272909938878
841,0.75,0.0,7.5061774253845215,1.4586445574096303
842,0.75,0.005651801824569702,7.205930233001709,1.439126534967245
843,0.75,0.014647156000137329,6.925826549530029,1.4204203803508775
844,0.75,0.021966353058815002,6.669598579406738,1.4028594534018217
845,0.75,0.026594996452331543,6.433630466461182,1.3862826263984194
846,0.75,0.029040351510047913,6.21315336227417,1.3704217657259137
847,0.75,0.029815658926963806,6.004424571990967,1.3550546886844108
848,0.75,0.02772781252861023,5.804649353027344,1.3400078424575845
849,0.75,0.01904088258743286,5.609618663787842,1.3249798247126907
850,0.75,0.009970873594284058,5.410462856292725,1.309268206798824
851,0.75,0.014368832111358643,5.207098960876465,1.292819481285708
852,0.75,0.03731861710548401,5.017391204833984,1.2770826112151914
853,0.75,0.06358957290649414,4.864354610443115,1.2640946358996754
854,0.75,0.07684643566608429,4.750163555145264,1.2542239491270954
855,0.75,0.08258144557476044,4.656539440155029,1.24601177840151
856,0.75,0.08519823849201202,4.573175430297852,1.2386059379240015
857,0.75,0.08646179735660553,4.49577522277832,1.2316484876850802
858,0.75,0.08709937334060669,4.4224348068237305,1.2249815239915813
859,0.75,0.08743299543857574,4.352232456207275,1.2185300700896895
860,0.75,0.08761332929134369,4.284682750701904,1.2122562304340665
861,0.75,0.08771401643753052,4.219505310058594,1.2061395844232754
862,0.75,0.08777205646038055,4.156520366668701,1.200168253177106
863,0.75,0.08780688047409058,4.095600605010986,1.194334756333312
864,0.75,0.08782872557640076,4.036647319793701,1.1886339477460361
865,0.75,0.08784323930740356,3.9795775413513184,1.183061887994998
866,0.75,0.08785361051559448,3.924318313598633,1.177615350968997
867,0.75,0.08786174654960632,3.8708033561706543,1.1722915359149821
868,0.75,0.08786872029304504,3.8189709186553955,1.1670878807823917
869,0.75,0.08787518739700317,3.7687625885009766,1.1620019606281828
870,0.75,0.08788160979747772,3.720123291015625,1.157031501831509
871,0.75,0.0878882110118866,3.6730000972747803,1.1521742728458
872,0.75,0.0878952145576477,3.627342700958252,1.1474281428433608
873,0.75,0.0879027396440506,3.5831024646759033,1.1427909923087514
874,0.75,0.08791090548038483,3.5402328968048096,1.1382607704894467
875,0.75,0.08791971206665039,3.4986891746520996,1.1338354533347703
876,0.75,0.08792927861213684,3.458428144454956,1.1295130504239896
877,0.75,0.08793966472148895,3.4194083213806152,1.1252916119249052
878,0.75,0.08795103430747986,3.381589651107788,1.1211692094797787
879,0.75,0.08796367049217224,3.3449339866638184,1.1171439947714243
880,0.75,0.08797799050807953,3.3094046115875244,1.113214154508283
881,0.75,0.08799503743648529,3.2749667167663574,1.1093779697097723
882,0.75,0.08801649510860443,3.2415878772735596,1.1056338771818335
883,0.75,0.08804558217525482,3.209238290786743,1.1019805060430667
884,0.75,0.08808811008930206,3.1778931617736816,1.098416959871587
885,0.75,0.08815418183803558,3.1475348472595215,1.0949430817516084
886,0.75,0.08826102316379547,3.118157148361206,1.0915599758112777
887,0.75,0.08843681216239929,3.089773178100586,1.0882709615412465
888,0.75,0.0887250304222107,3.062425374984741,1.0850828095668812
889,0.75,0.08918741345405579,3.0362024307250977,1.0820078265412538
890,0.75,0.0898999571800232,3.0112557411193848,1.0790659409649883
891,0.75,0.09093353152275085,2.9878134727478027,1.0762865478592176
892,0.75,0.09231628477573395,2.9661715030670166,1.0737076034981712
893,0.75,0.09399397671222687,2.9466452598571777,1.071369936658939
894,0.75,0.09582750499248505,2.9294817447662354,1.0693065475161994
895,0.75,0.09764544665813446,2.914771556854248,1.0675316405932824
896,0.75,0.0993117243051529,2.9024202823638916,1.066036715368187
897,0.75,0.10075671970844269,2.89219331741333,1.0647956749732683
898,0.75,0.10196760296821594,2.883790969848633,1.063773849578076
899,0.75,0.10296349227428436,2.8769097328186035,1.0629355225377337
900,0.75,0.10377548635005951,2.87127685546875,1.0622482800536797
901,0.75,0.10443568229675293,2.8666610717773438,1.0616844549811058
902,1.25,0.10497257113456726,2.862872362136841,1.7687020059410254
903,1.25,0.2728094086050987,2.9340226650238037,1.7830887349271805
904,1.25,0.2712000384926796,3.303105115890503,1.854190720332498
905,1.25,0.27045659348368645,3.673837423324585,1.920434906012185
906,1.25,0.2918907068669796,4.04627799987793,1.982615055804315
907,1.25,0.2937596067786217,4.463133811950684,2.047817182137559
908,1.25,0.25137016316875815,4.886174201965332,2.1099383472014073
909,1.25,0.22159833647310734,5.221102714538574,2.1566096852045495
910,1.25,0.2190702259540558,5.490159511566162,2.1926688692566256
911,1.25,0.21999626234173775,5.750901699066162,2.2265008978362717
912,1.25,0.22291112318634987,6.010687351226807,2.2592015572107274
913,1.25,0.22842820547521114,6.273860931396484,2.2913768758707955
914,1.25,0.23476583510637283,6.546321392059326,2.3237485386758188
915,0.75,0.2370508536696434,6.830005168914795,1.4139049146646334
916,0.75,0.01571163535118103,6.891972541809082,1.4181253848949766
917,0.75,0.02270287275314331,6.638574600219727,1.4007026831555545
918,0.75,0.027009963989257812,6.404831409454346,1.3842317463119522
919,0.75,0.029231250286102295,6.186026096343994,1.3684443479260082
920,0.75,0.029769182205200195,5.978586196899414,1.3531276444260152
921,0.75,0.0270565003156662,5.77972412109375,1.3381062814007194
922,0.75,0.017544731497764587,5.584739685058594,1.323037737263235
923,0.75,0.009632274508476257,5.3845624923706055,1.3071965787792994
924,0.75,0.01622931659221649,5.181771278381348,1.2907409313652083
925,0.75,0.04113025963306427,4.995448112487793,1.275236787741129
926,0.75,0.06594774127006531,4.848081111907959,1.2626975066295936
927,0.75,0.0778614729642868,4.737430095672607,1.2531134523924685
928,0.75,0.08303378522396088,4.645502090454102,1.2450363783517757
929,0.75,0.08541253209114075,4.5630621910095215,1.2377013692705106
930,0.75,0.08656828105449677,4.486254692077637,1.2307871654948275
931,0.75,0.08715440332889557,4.413351535797119,1.2241506725628781
932,0.75,0.08746236562728882,4.343507766723633,1.2177234296930188
933,0.75,0.0876295417547226,4.276272296905518,1.2114704613769067
934,0.75,0.08772322535514832,4.211381912231445,1.2053728093247265
935,0.75,0.08777749538421631,4.148665904998779,1.1994193637234678
936,1.25,0.08781018853187561,4.088001251220703,1.9893383256550214
937,1.25,0.293737530708313,4.099165439605713,1.991129516343264
938,1.25,0.29210810363292694,4.520068168640137,2.0564012440401744
939,1.25,0.24312059627845883,4.939957141876221,2.117574325684823
940,1.25,0.22078929655253887,5.257184982299805,2.161516665589975
941,1.25,0.21908272057771683,5.524137496948242,2.197137777122479
942,1.25,0.22024779580533504,5.784526824951172,2.2307885155476095
943,1.25,0.22347630560398102,6.0444722175598145,2.263384202211356
944,1.25,0.2292914092540741,6.308506011962891,2.2955447583759074
945,1.25,0.23538989201188087,6.58251428604126,2.3279803511424397
946,1.25,0.23687979951500893,6.867196559906006,2.3607350108567386
947,1.25,0.23254727199673653,7.151719093322754,2.3925744507680116
948,1.25,0.2256167083978653,7.422037124633789,2.422047429280622
949,1.25,0.21946526132524014,7.671609878540039,2.448626589786744
950,1.25,0.21536708623170853,7.902133941650391,2.472667158328814
951,1.25,0.21292395889759064,8.118579864501953,2.4948155092413367
952,1.25,0.21143553778529167,8.325042724609375,2.5155766126930432
953,1.25,0.2104080431163311,8.52392292022705,2.535251524713919
954,1.25,0.20955271646380424,8.716403007507324,2.5540025269760367
955,1.25,0.20870733633637428,8.902945518493652,2.5719122038293767
956,1.25,0.20778236910700798,9.08360481262207,2.5890189516018647
957,1.25,0.20673340931534767,9.25821304321289,2.6053374318081457
958,1.25,0.20554810389876366,9.426494598388672,2.620870645284134
959,0.75,0.20423857867717743,9.588150024414062,1.5813709418294364
960,0.75,0.0,9.52760124206543,1.5780684685815611
961,0.75,0.0,9.146496772766113,1.5569524262305905
962,0.75,0.0,8.78063678741455,1.5361189530628332
963,0.75,0.0,8.429410934448242,1.5155642350494296
964,0.75,0.0,8.09223461151123,1.4952845878264551
965,0.75,0.0,7.768545150756836,1.4752762893204667
966,0.75,0.0,7.457803249359131,1.45553571903263
967,0.75,0.007111608982086182,7.159491062164307,1.4360592982269593
968,0.75,0.015980273485183716,6.883324146270752,1.4175378911700158
969,0.75,0.022884994745254517,6.630643844604492,1.4001502579113014
970,0.75,0.027111291885375977,6.397460460662842,1.3837058429513152
971,0.75,0.029276326298713684,6.179076194763184,1.3679368064802784
972,0.75,0.029749929904937744,5.971961498260498,1.3526326713004746
973,0.75,0.026863425970077515,5.7733235359191895,1.3376170905701108
974,0.75,0.01716083288192749,5.5783233642578125,1.3225359304731206
975,0.75,0.009584248065948486,5.3778862953186035,1.3066615045401757
976,0.75,0.016762197017669678,5.175294399261475,1.2902083051788953
977,0.75,0.042110517621040344,4.9899091720581055,1.2747700011180987
978,0.75,0.06651648879051208,4.843994140625,1.2623461342174842
979,0.75,0.0781056135892868,4.734201431274414,1.2528315598398128
980,0.75,0.08314312994480133,4.642686367034912,1.2447872968254639
981,0.75,0.08546458184719086,4.560474395751953,1.2374696907007443
982,0.75,0.08659428358078003,4.4838151931762695,1.2305662670138726
983,0.75,0.08716784417629242,4.411022663116455,1.2239374648907009
984,0.75,0.08746957778930664,4.3412699699401855,1.2175163594866008
985,0.75,0.08763352036476135,4.274114608764648,1.211268706744017
986,0.75,0.08772547543048859,4.2092976570129395,1.2051759148096708
987,0.75,0.08777885138988495,4.146650314331055,1.19922703259925
988,0.75,0.08781105279922485,4.086050987243652,1.193415052615797
989,0.75,0.08783140778541565,4.027403831481934,1.18773504934135
990,0.75,0.0878450870513916,3.970628023147583,1.182183246804984
991,0.75,0.0878550261259079,3.915651798248291,1.1767564971380002
992,0.75,0.08786290884017944,3.8624095916748047,1.1714520353431437
993,0.75,0.087869793176651,3.810840368270874,1.166267338256046
994,0.75,0.08787620067596436,3.7608864307403564,1.1612000227548203
995,0.75,0.0878826379776001,3.7124927043914795,1.1562477864390306
996,0.75,0.08788928389549255,3.665607213973999,1.1514084680384074
997,0.75,0.08789640665054321,3.6201794147491455,1.1466798860211282
998,1.25,0.08790402114391327,3.5761613845825195,1.9034332833476761
999,0.75,0.2698243521153927,3.6004343032836914,1.1446122178586449
